WMO306_CD,PATH_TX,SOURCE_VARIABLE_ID,SOURCE_MATRIX_ID,CF_STANDARD_NAME_TX,IUPAC_NAME_TX,DEFINITION_TX
10000,\Atmosphere,,,,,
10001,\Atmosphere\Aerosol,,,,,
10002,\Atmosphere\Aerosol\Composition,,,,,
579,"\Atmosphere\Aerosol\Composition\Acidity/Alkalinity, total aerosol",acidity,aerosol,,,
10003,\Atmosphere\Aerosol\Composition\Inorganic anions,,,,,
615,"\Atmosphere\Aerosol\Composition\Inorganic anions\Chloride (Cl-), PM10",chloride,pm10,,,
616,"\Atmosphere\Aerosol\Composition\Inorganic anions\Chloride (Cl-), PM2.5",chloride,pm25,,,
617,"\Atmosphere\Aerosol\Composition\Inorganic anions\Chloride (Cl-), total aerosol",chloride,aerosol,,,
618,"\Atmosphere\Aerosol\Composition\Inorganic anions\Fluoride (F-), total aerosol",fluoride,aerosol,,,
619,"\Atmosphere\Aerosol\Composition\Inorganic anions\Sulfate (SO4=), corrected",sulphate_corrected,aerosol,,,
620,"\Atmosphere\Aerosol\Composition\Inorganic anions\Sulfate (SO4=), total",sulphate_total,aerosol,,,
621,"\Atmosphere\Aerosol\Composition\Inorganic anions\Sulfate (SO4=), total, PM10",sulphate_total,pm10,,,
622,"\Atmosphere\Aerosol\Composition\Inorganic anions\Sulfate (SO4=), total, PM2.5",sulphate_total,pm25,,,
10004,\Atmosphere\Aerosol\Composition\Inorganic carbonaceous,,,,,
623,"\Atmosphere\Aerosol\Composition\Inorganic carbonaceous\Elemental carbon (coarse), PM10",elemental_carbon,pm10,,,
623,"\Atmosphere\Aerosol\Composition\Inorganic carbonaceous\Elemental carbon (coarse), PM10",elementary_carbon,pm10,,,
624,"\Atmosphere\Aerosol\Composition\Inorganic carbonaceous\Elemental carbon, PM1",elemental_carbon,pm1,,,
625,"\Atmosphere\Aerosol\Composition\Inorganic carbonaceous\Elemental carbon, PM2.5",elemental_carbon,pm25,,,
626,"\Atmosphere\Aerosol\Composition\Inorganic carbonaceous\Total carbon (coarse), PM10",total_carbon,pm10,,,
10005,\Atmosphere\Aerosol\Composition\Inorganic cations,,,,,
632,"\Atmosphere\Aerosol\Composition\Inorganic cations\Calcium (Ca++), PM10",calcium,pm10,,,
633,"\Atmosphere\Aerosol\Composition\Inorganic cations\Calcium (Ca++), PM2.5",calcium,pm25,,,
634,"\Atmosphere\Aerosol\Composition\Inorganic cations\Calcium (Ca++), total aerosol",calcium,aerosol,,,
635,"\Atmosphere\Aerosol\Composition\Inorganic cations\Magnesium (Mg++), PM10",magnesium,pm10,,,
636,"\Atmosphere\Aerosol\Composition\Inorganic cations\Magnesium (Mg++), PM2.5",magnesium,pm25,,,
637,"\Atmosphere\Aerosol\Composition\Inorganic cations\Magnesium (Mg++), total aerosol",magnesium,aerosol,,,
638,"\Atmosphere\Aerosol\Composition\Inorganic cations\Potassium (K+), PM10",potassium,pm10,,,
639,"\Atmosphere\Aerosol\Composition\Inorganic cations\Potassium (K+), PM2.5",potassium,pm25,,,
640,"\Atmosphere\Aerosol\Composition\Inorganic cations\Potassium (K+), total aerosol",potassium,aerosol,,,
641,"\Atmosphere\Aerosol\Composition\Inorganic cations\Sodium (Na+), PM10",sodium,pm10,,,
642,"\Atmosphere\Aerosol\Composition\Inorganic cations\Sodium (Na+), PM2.5",sodium,pm25,,,
643,"\Atmosphere\Aerosol\Composition\Inorganic cations\Sodium (Na+), total aerosol",sodium,aerosol,,,
10006,\Atmosphere\Aerosol\Composition\Inorganic nitrogen species,,,,,
644,"\Atmosphere\Aerosol\Composition\Inorganic nitrogen species\Ammonia (NH3), PM2.5",ammonia,pm25,,,
645,"\Atmosphere\Aerosol\Composition\Inorganic nitrogen species\Ammonium (NH4+), PM10",ammonium,pm10,,,
646,"\Atmosphere\Aerosol\Composition\Inorganic nitrogen species\Ammonium (NH4+), PM2.5",ammonium,pm25,,,
647,"\Atmosphere\Aerosol\Composition\Inorganic nitrogen species\Ammonium (NH4+), total aerosol",ammonium,aerosol,,,
649,"\Atmosphere\Aerosol\Composition\Inorganic nitrogen species\Ammonium nitrate (NH4NO3), PM1",ammonium_nitrate,pm1,,,
648,"\Atmosphere\Aerosol\Composition\Inorganic nitrogen species\Ammonium nitrate (NH4NO3), total aerosol",ammonium_nitrate,aerosol,,,
650,"\Atmosphere\Aerosol\Composition\Inorganic nitrogen species\Nitrate (NO3-), PM10",nitrate,pm10,,,
651,"\Atmosphere\Aerosol\Composition\Inorganic nitrogen species\Nitrate (NO3-), PM2.5",nitrate,pm25,,,
652,"\Atmosphere\Aerosol\Composition\Inorganic nitrogen species\Nitrate (NO3-), total aerosol",nitrate,aerosol,,,
653,"\Atmosphere\Aerosol\Composition\Inorganic nitrogen species\Nitrite (NO2-), total aerosol",nitrite,aerosol,,,
654,"\Atmosphere\Aerosol\Composition\Inorganic nitrogen species\Sum of ammonia (NH3) and ammonium (NH4+), in air and aerosol",sum_ammonia_and_ammonium,air+aerosol,,,
655,"\Atmosphere\Aerosol\Composition\Inorganic nitrogen species\Sum of nitric acid (HNO3) and nitrate (NO3-), in air and aerosol",sum_nitric_acid_and_nitrate,air+aerosol,,,
10007,\Atmosphere\Aerosol\Composition\Major inorganic components,,,,,
10008,\Atmosphere\Aerosol\Composition\Organic anions,,,,,
662,"\Atmosphere\Aerosol\Composition\Organic anions\C2H3O2- (CH3COO-, acetate), PM1",acetate,pm1,,,
663,"\Atmosphere\Aerosol\Composition\Organic anions\C2H3O2- (CH3COO-, acetate), in aerosol",acetate,aerosol,,,
664,"\Atmosphere\Aerosol\Composition\Organic anions\C2O4= (oxalate, ethanedioate), PM1",oxalate,pm1,,,
665,"\Atmosphere\Aerosol\Composition\Organic anions\C2O4= (oxalate, ethanedioate), PM10",oxalate,pm10,,,
666,"\Atmosphere\Aerosol\Composition\Organic anions\C2O4= (oxalate, ethanedioate), total aerosol",oxalate,aerosol,,,
667,"\Atmosphere\Aerosol\Composition\Organic anions\CH3O3S- (methanesulfonate), PM1",methansulphonate,aerosol,,,
668,"\Atmosphere\Aerosol\Composition\Organic anions\CH3O3S- (methanesulfonate), total aerosol",methansulphonate,pm1,,,
669,"\Atmosphere\Aerosol\Composition\Organic anions\CHO2- (HCOO-, formate), in aerosol",formate,aerosol,,,
10009,\Atmosphere\Aerosol\Composition\Organic carbonaceous,,,,,
670,"\Atmosphere\Aerosol\Composition\Organic carbonaceous\Carbonaceous/organic material (coarse), PM10",organic_carbon,pm10,,,
10010,\Atmosphere\Aerosol\Composition\Trace elements,,,,,
673,"\Atmosphere\Aerosol\Composition\Trace elements\Aluminium (Al), PM2.5",aluminium,pm25,,,
675,"\Atmosphere\Aerosol\Composition\Trace elements\Antimony (Sb), PM2.5",antimony,pm25,,,
676,"\Atmosphere\Aerosol\Composition\Trace elements\Antimony (Sb), total aerosol",aluminium,aerosol,,,
677,"\Atmosphere\Aerosol\Composition\Trace elements\Arsenic (As), PM10",arsenic,pm10,,,
678,"\Atmosphere\Aerosol\Composition\Trace elements\Arsenic (As), total aerosol",arsenic,aerosol,,,
679,"\Atmosphere\Aerosol\Composition\Trace elements\Barium (Ba), PM2.5",barium,pm25,,,
680,"\Atmosphere\Aerosol\Composition\Trace elements\Barium (Ba), total aerosol",barium,aerosol,,,
681,"\Atmosphere\Aerosol\Composition\Trace elements\Bismuth (Bi), PM2.5",bismuth,pm25,,,
682,"\Atmosphere\Aerosol\Composition\Trace elements\Bismuth (Bi), total aerosol",bismuth,aerosol,,,
683,"\Atmosphere\Aerosol\Composition\Trace elements\Cadmium (Cd), PM1",cadmium,pm1,,,
684,"\Atmosphere\Aerosol\Composition\Trace elements\Cadmium (Cd), PM10",cadmium,pm10,,,
685,"\Atmosphere\Aerosol\Composition\Trace elements\Cadmium (Cd), PM2.5",cadmium,pm25,,,
686,"\Atmosphere\Aerosol\Composition\Trace elements\Cadmium (Cd), PM2.5 thru PM10",cadmium,pm10_pm25,,,
687,"\Atmosphere\Aerosol\Composition\Trace elements\Cadmium (Cd), total aerosol",cadmium,aerosol,,,
688,"\Atmosphere\Aerosol\Composition\Trace elements\Cerium (Ce), PM2.5",cerium,pm25,,,
689,"\Atmosphere\Aerosol\Composition\Trace elements\Cerium (Ce), total aerosol",cerium,aerosol,,,
690,"\Atmosphere\Aerosol\Composition\Trace elements\Chromium (Cr), total aerosol",chromium,aerosol,,,
691,"\Atmosphere\Aerosol\Composition\Trace elements\Cobalt (Co), total aerosol",cobalt,aerosol,,,
692,"\Atmosphere\Aerosol\Composition\Trace elements\Copper (Cu), PM10",copper,pm10,,,
693,"\Atmosphere\Aerosol\Composition\Trace elements\Copper (Cu), total aerosol",copper,aerosol,,,
694,"\Atmosphere\Aerosol\Composition\Trace elements\Iron (Fe), total aerosol",iron,aerosol,,,
695,"\Atmosphere\Aerosol\Composition\Trace elements\Lanthanum (La), PM2.5",lanthanum,pm25,,,
696,"\Atmosphere\Aerosol\Composition\Trace elements\Lanthanum (La), total aerosol",lanthanum,aerosol,,,
697,"\Atmosphere\Aerosol\Composition\Trace elements\Lead (Pb), PM10",lead,pm10,,,
698,"\Atmosphere\Aerosol\Composition\Trace elements\Lead (Pb), total aerosol",lead,aerosol,,,
699,"\Atmosphere\Aerosol\Composition\Trace elements\Lithium (Li), PM2.5",lithium,pm25,,,
700,"\Atmosphere\Aerosol\Composition\Trace elements\Lithium (Li), total aerosol",lithium,aerosol,,,
701,"\Atmosphere\Aerosol\Composition\Trace elements\Manganese (Mn), PM10",manganese,pm10,,,
702,"\Atmosphere\Aerosol\Composition\Trace elements\Manganese (Mn), total aerosol",manganese,aerosol,,,
703,"\Atmosphere\Aerosol\Composition\Trace elements\Mercury (Hg), total aerosol",mercury,aerosol,,,
704,"\Atmosphere\Aerosol\Composition\Trace elements\Nickel (Ni), PM10",nickel,pm10,,,
705,"\Atmosphere\Aerosol\Composition\Trace elements\Nickel (Ni), total aerosol",nickel,aerosol,,,
706,"\Atmosphere\Aerosol\Composition\Trace elements\Phosphorous (P), PM2.5",phosphorus,pm25,,,
707,"\Atmosphere\Aerosol\Composition\Trace elements\Phosphorous (P), total aerosol",phosphorus,aerosol,,,
708,"\Atmosphere\Aerosol\Composition\Trace elements\Rubidium (Rb), PM2.5",rubidium,pm25,,,
709,"\Atmosphere\Aerosol\Composition\Trace elements\Rubidium (Rb), total aerosol",rubidium,aerosol,,,
710,"\Atmosphere\Aerosol\Composition\Trace elements\Selenium (Se), total aerosol",selenium,aerosol,,,
711,"\Atmosphere\Aerosol\Composition\Trace elements\Strontium (Sr), PM2.5",strontium,pm25,,,
712,"\Atmosphere\Aerosol\Composition\Trace elements\Strontium (Sr), total aerosol",strontium,aerosol,,,
713,"\Atmosphere\Aerosol\Composition\Trace elements\Thallium (Tl), PM2.5",thallium,pm25,,,
714,"\Atmosphere\Aerosol\Composition\Trace elements\Thallium (Tl), total aerosol",thallium,aerosol,,,
715,"\Atmosphere\Aerosol\Composition\Trace elements\Thorium (Th), PM2.5",thorium,pm25,,,
716,"\Atmosphere\Aerosol\Composition\Trace elements\Thorium (Th), total aerosol",thorium,aerosol,,,
717,"\Atmosphere\Aerosol\Composition\Trace elements\Tin (Sn), PM2.5",tin,pm25,,,
718,"\Atmosphere\Aerosol\Composition\Trace elements\Tin (Sn), total aerosol",tin,aerosol,,,
672,"\Atmosphere\Aerosol\Composition\Trace elements\Titanium (Ti), total aerosol",titanium,aerosol,,,
719,"\Atmosphere\Aerosol\Composition\Trace elements\Uranium (U), PM2.5",uranium,pm25,,,
720,"\Atmosphere\Aerosol\Composition\Trace elements\Uranium (U), total aerosol",uranium,aerosol,,,
721,"\Atmosphere\Aerosol\Composition\Trace elements\Vanadium (V), PM2.5",vanadium,pm25,,,
722,"\Atmosphere\Aerosol\Composition\Trace elements\Vanadium (V), total aerosol",vanadium,aerosol,,,
723,"\Atmosphere\Aerosol\Composition\Trace elements\Zinc (Zn), PM2.5",zinc,pm25,,,
724,"\Atmosphere\Aerosol\Composition\Trace elements\Zinc (Zn), total aerosol",zinc,aerosol,,,
10011,\Atmosphere\Aerosol\Optical properties,,,,,
316,"\Atmosphere\Aerosol\Optical properties\Light absorption coefficient, PM1",aerosol_absorption_coefficient,pm1,,,
317,"\Atmosphere\Aerosol\Optical properties\Light absorption coefficient, PM10",aerosol_absorption_coefficient,pm10,,,
318,"\Atmosphere\Aerosol\Optical properties\Light absorption coefficient, total aerosol",aerosol_absorption_coefficient,aerosol,,,
319,"\Atmosphere\Aerosol\Optical properties\Light backscattering coefficient, PM1",aerosol_light_backscattering_coefficient,pm1,,,
320,"\Atmosphere\Aerosol\Optical properties\Light backscattering coefficient, PM10",aerosol_light_backscattering_coefficient,pm10,,,
321,"\Atmosphere\Aerosol\Optical properties\Light backscattering coefficient, total aerosol",aerosol_light_backscattering_coefficient,aerosol,,,
322,"\Atmosphere\Aerosol\Optical properties\Light scattering coefficient, PM1",aerosol_light_scattering_coefficient,pm1,,,
323,"\Atmosphere\Aerosol\Optical properties\Light scattering coefficient, PM10",aerosol_light_scattering_coefficient,pm10,,,
324,"\Atmosphere\Aerosol\Optical properties\Light scattering coefficient, total aerosol",aerosol_light_scattering_coefficient,aerosol,,,
325,"\Atmosphere\Aerosol\Optical properties\Multiwavelength optical depth, total aerosol",aerosol_optical_depth,aerosol,,,Aerosol optical depth of the atmospheric column determined at multiple wavelengths
10012,\Atmosphere\Aerosol\Physical properties - primary,,,,,
10013,\Atmosphere\Aerosol\Physical properties - primary\Dust,,,,,
364,\Atmosphere\Aerosol\Physical properties - primary\Mass concentration (coarse) or Mass PM10,pm10_mass,pm10,,,
365,\Atmosphere\Aerosol\Physical properties - primary\Mass concentration (fine) or Mass PM1,pm1_mass,pm1,,,
366,"\Atmosphere\Aerosol\Physical properties - primary\Mass concentration (medium), PM2.5",pm25_mass,pm25,,,
368,\Atmosphere\Aerosol\Physical properties - primary\Mass concentration (total aerosol) or Mass TSP,susp_part_matter,aerosol,,,
369,\Atmosphere\Aerosol\Physical properties - primary\Number concentration,aerosol_number_concentration,aerosol,,,
370,"\Atmosphere\Aerosol\Physical properties - primary\Number size distribution, PM10",particle_number_size_distribution,pm10,,,
371,"\Atmosphere\Aerosol\Physical properties - primary\Number size distribution, total aerosol",particle_number_size_distribution,aerosol,,,
10014,\Atmosphere\Aerosol\Physical properties - primary\Volcanic ash,,,,,
10015,\Atmosphere\Aerosol\Physical properties - secondary,,,,,
413,"\Atmosphere\Aerosol\Physical properties - secondary\Hygroscopic growth factor, 110 ?m equivalent",hygroscopic_growth_factor,pm_eq110,,,
414,"\Atmosphere\Aerosol\Physical properties - secondary\Hygroscopic growth factor, 165 ?m equivalent",hygroscopic_growth_factor,pm_eq165,,,
415,"\Atmosphere\Aerosol\Physical properties - secondary\Hygroscopic growth factor, 35 ?m equivalent",hygroscopic_growth_factor,pm_eq35,,,
416,"\Atmosphere\Aerosol\Physical properties - secondary\Hygroscopic growth factor, 50 ?m equivalent",hygroscopic_growth_factor,pm_eq50,,,
417,"\Atmosphere\Aerosol\Physical properties - secondary\Hygroscopic growth factor, 75 ?m equivalent",hygroscopic_growth_factor,pm_eq75,,,
418,"\Atmosphere\Aerosol\Physical properties - secondary\Hygroscopic growth factor, total aerosol",hygroscopic_growth_factor,aerosol,,,
10016,\Atmosphere\Clouds,,,,,
10017,\Atmosphere\Clouds\Ice,,,,,
10018,\Atmosphere\Clouds\Liquid water,,,,,
10019,\Atmosphere\Clouds\Optical properties,,,,,
10020,\Atmosphere\Clouds\Position,,,,,
10021,\Atmosphere\Clouds\Type,,,,,
10022,\Atmosphere\Dynamics,,,,,
12003,\Atmosphere\Gas,,,,,
10023,\Atmosphere\Gas\Greenhouse Gas,,,,,
10024,\Atmosphere\Gas\Greenhouse Gas\CFCs,,,,,
590,"\Atmosphere\Gas\Greenhouse Gas\CFCs\C2Cl3F3 (1,1,2-trichloro-1,2,2-trifluoroethane, CFC-113)",CFC_113,air,,,
591,"\Atmosphere\Gas\Greenhouse Gas\CFCs\C2ClF5 (1-chloro-1,1,2,2,2-pentafluoroethane, CFC-115)",CFC_115,air,,,
592,"\Atmosphere\Gas\Greenhouse Gas\CFCs\CCl2F2 (dichlorodifluoromethane, CFC-12)",CFC_12,air,,,
593,"\Atmosphere\Gas\Greenhouse Gas\CFCs\CCl3F (trichlorofluoromethane, CFC-11)",CFC_11,air,,,
192,\Atmosphere\Gas\Greenhouse Gas\CH4,methane,air,,,"1D variable colloquially referred to as ""wave spectrum"". Describes the wave energy in each frequency band (e.g. 25 frequency bands) regardless of the direction of propagation."
194,\Atmosphere\Gas\Greenhouse Gas\CO2,carbon_dioxide,air,,,CO2
10027,\Atmosphere\Gas\Greenhouse Gas\HCFCs,,,,,
534,"\Atmosphere\Gas\Greenhouse Gas\HCFCs\C2H3Cl2F (1,1-dichloro-1-fluoroethane, HCFC-141b)",HCFC_141b,air,,,
535,"\Atmosphere\Gas\Greenhouse Gas\HCFCs\C2H3ClF2 (1-chloro-1,1-difluoroethane, HCFC-142b)",HCFC_142b,air,,,
537,"\Atmosphere\Gas\Greenhouse Gas\HCFCs\CHClF2 (chlorodifluoromethane, HCFC-22)",HCFC_22,air,,,
10028,\Atmosphere\Gas\Greenhouse Gas\HFCs,,,,,
554,"\Atmosphere\Gas\Greenhouse Gas\HFCs\C2H2F4 (1,1,1,2-tetrafluoroethane, HFC-134a)",HFC_134a,air,,,
10025,\Atmosphere\Gas\Greenhouse Gas\Halocarbons,,,,,
594,\Atmosphere\Gas\Greenhouse Gas\Halocarbons\CCl4 (carbon tetrachloride),carbontetrachloride,air,,,
595,"\Atmosphere\Gas\Greenhouse Gas\Halocarbons\CH3CCl3 (1,1,1-trichloroethane)",methylchloroform,air,,,
10026,\Atmosphere\Gas\Greenhouse Gas\Halon,,,,,
10029,\Atmosphere\Gas\Greenhouse Gas\PFCs,,,,,
10033,\Atmosphere\Gas\Other Gas,,,,,
10034,\Atmosphere\Gas\Ozone,,,,,
262,\Atmosphere\Gas\Ozone\Surface ozone,ozone,air,,,
10047,\Atmosphere\Gas\Reactive Gas,,,,,
275,\Atmosphere\Gas\Reactive Gas\C2Cl4 (tetrachloroethene),tetrachloroethylene,air,,,
276,\Atmosphere\Gas\Reactive Gas\C2HCl3 (trichloroethene),trichloroethylene,air,,,
277,\Atmosphere\Gas\Reactive Gas\CH2Br2 (dibromomethane),dibromomethane,air,,,
278,\Atmosphere\Gas\Reactive Gas\CH2Cl2 (dichloromethane),dichloromethane,air,,,
280,\Atmosphere\Gas\Reactive Gas\CH3Cl (methylchloride),methylchloride,,,,
284,\Atmosphere\Gas\Reactive Gas\CO,carbon_monoxide,air,,,
10048,\Atmosphere\Gas\Reactive Gas\Nitrogen containing compounds,,,,,
390,\Atmosphere\Gas\Reactive Gas\Nitrogen containing compounds\Ammonia (NH3),ammonia,air,,,
394,\Atmosphere\Gas\Reactive Gas\Nitrogen containing compounds\HNO3 (nitric acid),nitric_acid,air,,,
395,\Atmosphere\Gas\Reactive Gas\Nitrogen containing compounds\NO,nitrogen_monoxide,air,,,
396,\Atmosphere\Gas\Reactive Gas\Nitrogen containing compounds\NO2,nitrogen_dioxide,air,,,
397,\Atmosphere\Gas\Reactive Gas\Nitrogen containing compounds\NOx,NOx,air,,,
10049,\Atmosphere\Gas\Reactive Gas\Sulfur containing compounds,,,,,
430,\Atmosphere\Gas\Reactive Gas\Sulfur containing compounds\SO2,sulphur_dioxide,air,,,
10050,\Atmosphere\Gas\Reactive Gas\VOC,,,,,
434,"\Atmosphere\Gas\Reactive Gas\VOC\C2H2 (ethyne, acetylene)",ethyne,air,,,
435,"\Atmosphere\Gas\Reactive Gas\VOC\C2H2O2 (oxaldehyde, ethanedial)",ethanedial,air,,,
436,\Atmosphere\Gas\Reactive Gas\VOC\C2H4 (ethene),ethene,air,,,
437,\Atmosphere\Gas\Reactive Gas\VOC\C2H6 (ethane),ethane,air,,,
440,"\Atmosphere\Gas\Reactive Gas\VOC\C3H4O (prop-2-enal, acrolein)",N2propenal,air,,,
441,"\Atmosphere\Gas\Reactive Gas\VOC\C3H4O2 (2-oxopropanal, methylglyoxal)",N2oxopropanal,air,,,
442,\Atmosphere\Gas\Reactive Gas\VOC\C3H6 (propene),propene,air,,,
443,"\Atmosphere\Gas\Reactive Gas\VOC\C3H6O (acetone, propanone)",propanone,air,,,
444,\Atmosphere\Gas\Reactive Gas\VOC\C3H6O (propanal),propanal,air,,,
445,\Atmosphere\Gas\Reactive Gas\VOC\C3H8 (propane),propane,air,,,
446,"\Atmosphere\Gas\Reactive Gas\VOC\C4H6 (1,3-butadiene, butadiene)",butadiene,air,,,
447,"\Atmosphere\Gas\Reactive Gas\VOC\C4H6O (2-methylprop-2-enal, methacrolein)",N2methylpropenal,air,,,
448,"\Atmosphere\Gas\Reactive Gas\VOC\C4H6O (but-3-en-2-one, methylvinylketone)",N3buten2one,air,,,
449,\Atmosphere\Gas\Reactive Gas\VOC\C4H8 (1-butene),but_1_ene,air,,,
450,\Atmosphere\Gas\Reactive Gas\VOC\C4H8 (sum of butenes),butenes,air,,,
451,"\Atmosphere\Gas\Reactive Gas\VOC\C4H8O (butan-2-one, methylethylketone)",N2butanone,air,,,
452,\Atmosphere\Gas\Reactive Gas\VOC\C4H8O (butanal isomers),butanales,air,,,
453,\Atmosphere\Gas\Reactive Gas\VOC\C5H10 (1-pentene),1_pentene,air,,,
459,\Atmosphere\Gas\Reactive Gas\VOC\C5H10 (sum of pentenes),pentenes,air,,,
460,"\Atmosphere\Gas\Reactive Gas\VOC\C5H10O (pentanal, valeraldehyde)",pentanal,air,,,
464,"\Atmosphere\Gas\Reactive Gas\VOC\C5H8 (2-methyl-1,3-butadiene, isoprene)",isoprene,air,,,
468,\Atmosphere\Gas\Reactive Gas\VOC\C6H12 (cyclohexane),cyclohexane,air,,,
470,\Atmosphere\Gas\Reactive Gas\VOC\C6H12O (hexanal isomers),hexanal,air,,,
472,\Atmosphere\Gas\Reactive Gas\VOC\C6H14 (2-methylpentane),N2methylpentane,air,,,
473,\Atmosphere\Gas\Reactive Gas\VOC\C6H14 (3-methylpentane),N3methylpentane,air,,,
474,\Atmosphere\Gas\Reactive Gas\VOC\C6H14 (n-hexane),hexane,air,,,
476,\Atmosphere\Gas\Reactive Gas\VOC\C6H6 (benzene),benzene,air,,,
481,\Atmosphere\Gas\Reactive Gas\VOC\C7H6O (benzene carbaldehyde),benzenecarbaldehyde,air,,,
482,\Atmosphere\Gas\Reactive Gas\VOC\C7H8 (toluene),toluene,air,,,
483,\Atmosphere\Gas\Reactive Gas\VOC\C8H10 (ethylbenzene),ethylbenzene,air,,,
484,\Atmosphere\Gas\Reactive Gas\VOC\C8H10 (m-xylene),methylbromide,air,,,
485,\Atmosphere\Gas\Reactive Gas\VOC\C8H10 (o-xylene),oxylene,air,,,
486,"\Atmosphere\Gas\Reactive Gas\VOC\C8H10 (p,m-xylene)",mpxylene,air,,,
489,\Atmosphere\Gas\Reactive Gas\VOC\CH2O (formaldehyde),methanal,air,,,
491,"\Atmosphere\Gas\Reactive Gas\VOC\CH3CHO (acetaldehyde, ethanal)",ethanal,air,,,
495,\Atmosphere\Gas\Reactive Gas\VOC\c-C4H8 (cis-2-butene),cis_2_butene,air,,,
496,\Atmosphere\Gas\Reactive Gas\VOC\c-C5H10 (cis-2-pentene),cis_2_pentene,air,,,
497,"\Atmosphere\Gas\Reactive Gas\VOC\i-C4H10 (2-methylpropane, iso-butane)",isobutane,air,,,
498,"\Atmosphere\Gas\Reactive Gas\VOC\i-C4H8 (2-methylpropene, iso-butene)",isobutene,air,,,
499,"\Atmosphere\Gas\Reactive Gas\VOC\i-C5H12 (2-methylbutane, iso-pentane)",isopentane,air,,,
500,"\Atmosphere\Gas\Reactive Gas\VOC\i-C7H16 (2-methylhexane, isoheptane)",isoheptane,air,,,
501,\Atmosphere\Gas\Reactive Gas\VOC\n-C4H10 (n-butane),butane,air,,,
502,\Atmosphere\Gas\Reactive Gas\VOC\n-C5H12 (n-pentane),pentane,air,,,
503,\Atmosphere\Gas\Reactive Gas\VOC\n-C7H16 (n-heptane),heptane,air,,,
504,\Atmosphere\Gas\Reactive Gas\VOC\t-C4H8 (trans-2-butene),trans_2_butene,air,,,
10030,\Atmosphere\Humidity,,,,,
251,\Atmosphere\Humidity\Humidity  (at specified distance from reference surface),relative_humidity,met,,,
10031,\Atmosphere\Lightning,,,,,
12002,\Atmosphere\Lightning\Lightning density cloud-to-ground,,,,,
10032,\Atmosphere\Lightning\Position,,,,,
12001,\Atmosphere\Lightning\Total lightning density,,,,,
10036,\Atmosphere\POPs,,,,,
10037,\Atmosphere\POPs\PAH,,,,,
334,"\Atmosphere\POPs\PAH\C13H10 (9H-fluorene, fluorene), in air",fluorene,air,,,
335,"\Atmosphere\POPs\PAH\C14H10 (anthracene), PM10",anthracene,pm10,,,
336,"\Atmosphere\POPs\PAH\C14H10 (anthracene), in aerosol",anthracene,aerosol,,,
338,"\Atmosphere\POPs\PAH\C14H10 (anthracene), in air",anthracene,air,,,
337,"\Atmosphere\POPs\PAH\C14H10 (anthracene), in air and aerosol",anthracene,air+aerosol,,,
339,"\Atmosphere\POPs\PAH\C14H10 (phenanthrene), PM10",phenanthrene,pm10,,,
340,"\Atmosphere\POPs\PAH\C14H10 (phenanthrene), in aerosol",phenanthrene,aerosol,,,
341,"\Atmosphere\POPs\PAH\C14H10 (phenanthrene), in air",phenanthrene,air,,,
342,"\Atmosphere\POPs\PAH\C14H10 (phenanthrene), in air and aerosol",phenanthrene,air+aerosol,,,
344,"\Atmosphere\POPs\PAH\C14H10 (phenanthrene), in total precipitation",phenanthrene,precip_tot,,,
343,"\Atmosphere\POPs\PAH\C14H10 (phenanthrene), in wet deposition",phenanthrene,precip,,,
345,"\Atmosphere\POPs\PAH\C16H10 (pyrene), in air and aerosol",pyrene,air+aerosol,,,
346,"\Atmosphere\POPs\PAH\C18H12 (Benz(a)anthracene), PM10",benz_a_anthracene,pm10,,,
347,"\Atmosphere\POPs\PAH\C18H12 (Benz(a)anthracene), in aerosol",benz_a_anthracene,aerosol,,,
348,"\Atmosphere\POPs\PAH\C18H12 (Benz(a)anthracene), in air",benz_a_anthracene,air,,,
349,"\Atmosphere\POPs\PAH\C18H12 (Benz(a)anthracene), in air and aerosol",benz_a_anthracene,air+aerosol,,,
350,"\Atmosphere\POPs\PAH\C18H12 (Benz(a)anthracene), in precipitation",benz_a_anthracene,precip,,,
351,"\Atmosphere\POPs\PAH\C18H12 (Benz(a)anthracene), in total precipitation",benz_a_anthracene,precip_tot,,,
10038,\Atmosphere\POPs\POP,,,,,
375,"\Atmosphere\POPs\POP\C12H8Cl6 (aldrin), in aerosol",aldrin,aerosol,,,
376,"\Atmosphere\POPs\POP\C12H8Cl6 (aldrin), in air",aldrin,air,,,
377,"\Atmosphere\POPs\POP\C12H8Cl6 (aldrin), in air and aerosol",aldrin,air+aerosol,,,
378,"\Atmosphere\POPs\POP\C12H8Cl6 (aldrin), in total precipitation",aldrin,precip_tot,,,
379,"\Atmosphere\POPs\POP\C12H8Cl6 (aldrin), in wet precipitation",aldrin,precip,,,
380,"\Atmosphere\POPs\POP\C6Cl6 (hexachlorobenzene, HCB), in air",HCB,air,,,
381,"\Atmosphere\POPs\POP\C6H6Cl6 (1,2,3,4,5,6-hexachlorocyclohexane, alpha-lindane, alpha-HCH), in aerosol",alpha_HCH,aerosol,,,
382,"\Atmosphere\POPs\POP\C6H6Cl6 (1,2,3,4,5,6-hexachlorocyclohexane, alpha-lindane, alpha-HCH), in air",alpha_HCH,air,,,
383,"\Atmosphere\POPs\POP\C6H6Cl6 (1,2,3,4,5,6-hexachlorocyclohexane, alpha-lindane, alpha-HCH), in wet precipitation",alpha_HCH,precip,,,
384,"\Atmosphere\POPs\POP\C6H6Cl6 (1,2,3,4,5,6-hexachlorocyclohexane, gamma-lindane, gamma-HCH), in air",gamma_HCH,air,,,
385,"\Atmosphere\POPs\POP\C6H6Cl6 (1,2,3,4,5,6-hexachlorocyclohexane, gamma-lindane, gamma-HCH), in wet precipitation",gamma_HCH,precip,,,
10035,\Atmosphere\Past weather,,,,,
10039,\Atmosphere\Precipitation,,,,,
210,\Atmosphere\Precipitation\Amount of precipitation,precipitation_amount,precip,,,
10040,\Atmosphere\Present weather,,,,,
10041,\Atmosphere\Pressure,,,,,
216,\Atmosphere\Pressure\Atmospheric pressure,pressure,met,,,
12000,\Atmosphere\Pressure\Atmospheric pressure profile,,,,,Upper-air atmospheric pressure
10042,\Atmosphere\Radiation,,,,,>Atmosphere>Radiation>UV [category]
10043,\Atmosphere\Radiation\IR,,,,,
10044,\Atmosphere\Radiation\Solar,,,,,
10045,\Atmosphere\Radiation\UV,,,,,
10046,\Atmosphere\Radionuclide,,,,,
10051,\Atmosphere\Temperature,,,,,
224,\Atmosphere\Temperature\Air temperature (at specified distance from reference surface),temperature,met,,,
10052,\Atmosphere\Total Atmospheric Deposition,,,,,
294,\Atmosphere\Total Atmospheric Deposition\Acidity/Alkalinity,acidity,precip,,,
295,\Atmosphere\Total Atmospheric Deposition\Electric conductivity,conductivity,precip,,,
296,\Atmosphere\Total Atmospheric Deposition\Hydrogen ion (H+) or pH,pH,precip,,,
10053,\Atmosphere\Total Atmospheric Deposition\Inorganic acid,,,,,
10054,\Atmosphere\Total Atmospheric Deposition\Inorganic anions,,,,,
539,\Atmosphere\Total Atmospheric Deposition\Inorganic anions\Chloride (Cl-),chloride,precip,,,
543,"\Atmosphere\Total Atmospheric Deposition\Inorganic anions\Sulfate (SO4=), corrected",sulphate_corrected,precip,,,
544,"\Atmosphere\Total Atmospheric Deposition\Inorganic anions\Sulfate (SO4=), total",sulphate_total,precip,,,
10055,\Atmosphere\Total Atmospheric Deposition\Inorganic cations,,,,,
545,\Atmosphere\Total Atmospheric Deposition\Inorganic cations\Calcium (Ca++),calcium,precip,,,
546,\Atmosphere\Total Atmospheric Deposition\Inorganic cations\Magnesium (Mg++),magnesium,precip,,,
547,\Atmosphere\Total Atmospheric Deposition\Inorganic cations\Potassium (K+),potassium,precip,,,
548,\Atmosphere\Total Atmospheric Deposition\Inorganic cations\Sodium (Na+),sodium,precip,,,
10056,\Atmosphere\Total Atmospheric Deposition\Inorganic nitrogen species,,,,,
568,\Atmosphere\Total Atmospheric Deposition\Inorganic nitrogen species\Ammonium (NH4+),ammonium,precip,,,
569,\Atmosphere\Total Atmospheric Deposition\Inorganic nitrogen species\Nitrate (NO3-),nitrate,precip,,,
10057,\Atmosphere\Total Atmospheric Deposition\Organic acid,,,,,
10058,\Atmosphere\Total Atmospheric Deposition\Trace elements,,,,,
597,\Atmosphere\Total Atmospheric Deposition\Trace elements\Aluminium (Al),aluminium,precip,,,
598,\Atmosphere\Total Atmospheric Deposition\Trace elements\Arsenic (As),arsenic,precip,,,
599,\Atmosphere\Total Atmospheric Deposition\Trace elements\Cadmium (Cd),cadmium,precip,,,
600,\Atmosphere\Total Atmospheric Deposition\Trace elements\Chromium (Cr),chromium,precip,,,
601,\Atmosphere\Total Atmospheric Deposition\Trace elements\Cobalt (Co),cobalt,precip,,,
602,\Atmosphere\Total Atmospheric Deposition\Trace elements\Copper (Cu),copper,precip,,,
603,\Atmosphere\Total Atmospheric Deposition\Trace elements\Iron (Fe),iron,precip,,,
604,\Atmosphere\Total Atmospheric Deposition\Trace elements\Lead (Pb),lead,precip,,,
605,\Atmosphere\Total Atmospheric Deposition\Trace elements\Manganese (Mn),manganese,precip,,,
606,\Atmosphere\Total Atmospheric Deposition\Trace elements\Mercury (Hg),mercury,precip,,,
607,\Atmosphere\Total Atmospheric Deposition\Trace elements\Nickel (Ni),nickel,precip,,,
608,\Atmosphere\Total Atmospheric Deposition\Trace elements\Vanadium (V),vanadium,precip,,,
609,\Atmosphere\Total Atmospheric Deposition\Trace elements\Zinc (Zn),zinc,precip,,,
10059,\Atmosphere\Visibility,,,,,
10060,\Atmosphere\Visibility\Obscurations,,,,,
230,\Atmosphere\Visibility\Visibility,,,,,
10061,\Atmosphere\Wind,,,,,
12005,\Atmosphere\Wind\Horizontal wind direction at specified distance from reference surface,,,,,Horizontal wind direction at specified distance from reference surface
12006,\Atmosphere\Wind\Horizontal wind speed at specified distance from reference surface,,,,,Horizontal wind speed at specified distance from reference surface
309,"\Atmosphere\Wind\Wind (surface wind direction and speed, horizontal) - deprecated",wind_direction,met,,,Horizontal component of wind as speed and direction.
309,"\Atmosphere\Wind\Wind (surface wind direction and speed, horizontal) - deprecated",wind_speed,met,,,Horizontal component of wind as speed and direction.
10062,\Earth,,,,,
10063,\Ocean,,,,,
10076,\Ocean\Basic Physical Properties,,,,,
732,\Ocean\Basic Physical Properties\Density,,,,,Density measured by CTD
10067,\Ocean\Biology,,,,,
10068,\Ocean\Biology\Nitrogen species,,,,,
10069,\Ocean\Biology\Phosporus species,,,,,
733,\Ocean\Biology\Zooplankton (size and/or development stage),,,,,"Aggregate of animal or animal-like organisms in plankton, as protozoans."
10065,\Ocean\Currents,,,,,
10115,\Ocean\Greenhouse Gas,,,,,
735,\Ocean\Greenhouse Gas\pCO2,,,,,Partial pressure of CO2 
736,\Ocean\Greenhouse Gas\pCO2 air-sea flux,,,,,Flux of CO2 from the ocean into the atmosphere
10066,\Ocean\Miscellaneous,,,,,
10116,\Ocean\Miscellaneous\Carbon species,,,,,
739,\Ocean\Miscellaneous\Fluorescence (DOM),,,,,Flurometric coloured dissolved Organic matter concentration.
10117,\Ocean\Miscellaneous\Nitrogen species,,,,,
10070,\Ocean\Other Gas,,,,,
10071,\Ocean\Other Gas\CTD,,,,,
10074,\Ocean\Radiation,,,,,
10075,\Ocean\Reactive Gas,,,,,
10077,\Ocean\Snow / Ice / Glacier,,,,,
10078,\Ocean\Snow / Ice / Glacier\Ice,,,,,
10080,\Ocean\Tides,,,,,
10064,\Ocean\Topography,,,,,
740,\Ocean\Topography\Mean dynamic topography (MDT),,,,,
741,\Ocean\Topography\Mean sea surface (MSS),,,,,
742,"\Ocean\Topography\Sea surface height (SSH, OST)",,,,,
10081,\Ocean\Transmissivity,,,,,
10082,\Ocean\Transmissivity\CTD,,,,,
10083,\Ocean\Waves,,,,,
745,\Ocean\Waves\Directional waves,,,,,"Waves measured in X,Y,Z directions"
743,\Ocean\Waves\Wave height,,,,,Average of height (trough to crest) of the waves sampled over a specified time period.
744,\Ocean\Waves\Wave period,,,,,"The time required for two successive wave crests to pass a fixed point, or the time for a single wave crest to travel a distance equal to the length of the wave. This is averaged over a specified period of time."
10084,\Ocean\Wind,,,,,
10085,\Outer Space,,,,,
10086,\Outer Space\Energetic particles / solar wind ,,,,,
10087,\Outer Space\Energetic particles / solar wind \Particle density,,,,,
10088,\Outer Space\Energetic particles / solar wind \Particle flux,,,,,
10089,\Outer Space\Ionospheric disturbances,,,,,
119,\Outer Space\Ionospheric disturbances\Ionospheric Vertical Total Electron Content (VTEC),,,,,Number of electrons between two points.
10090,\Outer Space\Solar monitoring,,,,,
10091,\Terrestrial,,,,,
10092,\Terrestrial\Ground water,,,,,
10093,\Terrestrial\Lake,,,,,
10094,\Terrestrial\Lake\Snow / Ice / Glacier,,,,,
10095,\Terrestrial\Lake\Snow / Ice / Glacier\Ice,,,,,
10096,\Terrestrial\Lake\Temperature,,,,,
10097,\Terrestrial\Land surface,,,,,
10098,\Terrestrial\Land surface\Fire,,,,,
10099,\Terrestrial\Land surface\Greenhouse Gas,,,,,
10100,\Terrestrial\Land surface\Humidity,,,,,
10101,\Terrestrial\Land surface\Radiation,,,,,
10102,\Terrestrial\Land surface\Snow / Ice / Glacier,,,,,
10103,\Terrestrial\Land surface\Snow / Ice / Glacier\Glacier,,,,,
12010,\Terrestrial\Land surface\Snow / Ice / Glacier\Glacier\Glacier mass balance at a point,,,,,"Surface mass balance is the result of all processes adding and removing mass from the glacier at a point on its surface, expressed over a stated period of time."
12011,\Terrestrial\Land surface\Snow / Ice / Glacier\Glacier\Glacier-wide mass balance,,,,,"Surface mass balance (glacier wide) is the result of all processes adding and removing mass from the glacier at its surface, expressed over a stated period of time and integrated over the entire glacier area"
12013,\Terrestrial\Land surface\Snow / Ice / Glacier\Glacier\Surface ablation at a point,,,,,The mass removed from the glacier at a point on its surface expressed over a stated period of time.
12012,\Terrestrial\Land surface\Snow / Ice / Glacier\Glacier\Surface accumulation at a point,,,,,The mass added to the glacier at a point on its surface expressed over a stated period of time.
10104,\Terrestrial\Land surface\Snow / Ice / Glacier\Ice,,,,,
10105,\Terrestrial\Land surface\Snow / Ice / Glacier\Snow,,,,,
12007,\Terrestrial\Land surface\Snow / Ice / Glacier\Snow\Presence of snow,,,,,A binary observation of the presence of snow cover at the measurement location.
12008,\Terrestrial\Land surface\Snow / Ice / Glacier\Snow\Water equivalent of snowfall,,,,,"Vertical depth of the water that would be obtained if the freshly fallen snow melted completely, which equates to the new snow mass per unit area."
10106,\Terrestrial\Land surface\Temperature,,,,,
10107,\Terrestrial\Land surface\Vegetation,,,,,
10108,\Terrestrial\River,,,,,
10109,\Terrestrial\River\Snow / Ice / Glacier,,,,,
10110,\Terrestrial\River\Snow / Ice / Glacier\Ice,,,,,
10111,\Terrestrial\Soil,,,,,
10112,\Terrestrial\Soil\Humidity,,,,,
10113,\Terrestrial\Soil\Temperature,,,,,
10114,\Terrestrial\Well,,,,,
